<?xml version="1.0" encoding="UTF-8"?> 
<beans
	xmlns="http://www.springframework.org/schema/beans"
	xmlns:xsi="http://www.w3.org/2001/XMLSchema-instance"
	xmlns:p="http://www.springframework.org/schema/p"
	xsi:schemaLocation="http://www.springframework.org/schema/beans 
	http://www.springframework.org/schema/beans/spring-beans-3.0.xsd"> 

	<bean id="address" class="com.GetterSetter.setterObjection.Address"> 
		<property name="houseNo" value="110/4"></property> 
		<property name="pincode" value="121212"></property> 
		<property name="state" value="Delhi"></property> 
		<property name="country" value="India"></property> 
	</bean> 

	<bean id="employee" class="com.GetterSetter.setterObjection.Employee"> 
		<property name="name" value="Ram"></property> 
		<property name="employeeID" value="1001"></property> 
		<property name="department" value="Software development"></property> 
		<property name="address" ref="address"></property> 
	</bean> 

</beans> 
